timestamp,scenario,ordering,planner,rep,status,run_dir,tour_s,coverage,aruco
2026-08-18T02:15:22+01:00,1,input,straight,1,ok,20260818_011313__scenario1__straight__drone0,105.1,10,10
2026-08-18T02:18:44+01:00,1,input,straight,2,ok,20260818_011629__scenario1__straight__drone0,110.6,10,9
2026-08-18T02:22:05+01:00,1,input,straight,3,ok,20260818_011957__scenario1__straight__drone0,106.2,10,10
2026-08-18T02:25:44+01:00,1,input,astar,1,ok,20260818_012313__scenario1__astar__drone0,128.5,10,10
2026-08-18T02:29:34+01:00,1,input,astar,2,ok,20260818_012656__scenario1__astar__drone0,132.8,10,10
2026-08-18T02:33:14+01:00,1,input,astar,3,ok,20260818_013042__scenario1__astar__drone0,128.3,10,10
2026-08-18T02:36:53+01:00,1,input,rrts,1,ok,20260818_013424__scenario1__rrts__drone0,123.2,10,9
2026-08-18T02:40:26+01:00,1,input,rrts,2,ok,20260818_013808__scenario1__rrts__drone0,114.6,10,10
2026-08-18T02:43:46+01:00,1,input,rrts,3,ok,20260818_014132__scenario1__rrts__drone0,110.9,10,10
2026-08-18T02:47:15+01:00,1,nn_2opt,straight,1,ok,20260818_014453__scenario1__straight__drone0,113.6,10,8
2026-08-18T02:50:18+01:00,1,nn_2opt,straight,2,ok,20260818_014829__scenario1__straight__drone0,82.3,10,10
2026-08-18T02:53:22+01:00,1,nn_2opt,straight,3,ok,20260818_015132__scenario1__straight__drone0,84.4,10,10
2026-08-18T02:56:40+01:00,1,nn_2opt,astar,1,ok,20260818_015429__scenario1__astar__drone0,106.5,10,10
2026-08-18T02:59:47+01:00,1,nn_2opt,astar,2,ok,20260818_015747__scenario1__astar__drone0,97.4,10,10
2026-08-18T03:02:50+01:00,1,nn_2opt,astar,3,ok,20260818_020054__scenario1__astar__drone0,92.1,10,10
2026-08-18T03:05:48+01:00,1,nn_2opt,rrts,1,ok,20260818_020357__scenario1__rrts__drone0,86.3,10,10
2026-08-18T03:09:12+01:00,1,nn_2opt,rrts,2,ok,20260818_020702__scenario1__rrts__drone0,102.8,10,8
2026-08-18T03:12:28+01:00,1,nn_2opt,rrts,3,ok,20260818_021026__scenario1__rrts__drone0,96.3,10,9
2026-08-18T03:16:39+01:00,2,input,straight,1,ok_incomplete,20260818_021345__scenario2__straight__drone0,149.6,8,7
2026-08-18T03:21:07+01:00,2,input,straight,2,ok_incomplete,20260818_021750__scenario2__straight__drone0,171.8,5,5
2026-08-18T03:26:27+01:00,2,input,straight,3,ok_incomplete,20260818_022215__scenario2__straight__drone0,189.6,3,3
2026-08-18T03:30:20+01:00,2,input,astar,1,ok,20260818_022739__scenario2__astar__drone0,137.3,10,10
2026-08-18T03:34:06+01:00,2,input,astar,2,ok,20260818_023127__scenario2__astar__drone0,136.4,10,10
2026-08-18T03:37:52+01:00,2,input,astar,3,ok,20260818_023512__scenario2__astar__drone0,134.7,10,10
2026-08-18T03:41:58+01:00,2,input,rrts,1,ok,20260818_023858__scenario2__rrts__drone0,157.6,10,9
2026-08-18T03:46:34+01:00,2,input,rrts,2,ok,20260818_024307__scenario2__rrts__drone0,181.0,10,9
2026-08-18T03:50:44+01:00,2,input,rrts,3,ok,20260818_024743__scenario2__rrts__drone0,155.6,10,10
2026-08-18T03:53:43+01:00,2,nn_2opt,straight,1,ok,20260818_025154__scenario2__straight__drone0,81.2,10,10
2026-08-18T03:57:09+01:00,2,nn_2opt,straight,2,ok,20260818_025506__scenario2__straight__drone0,96.8,10,10
2026-08-18T04:00:28+01:00,2,nn_2opt,straight,3,ok,20260818_025831__scenario2__straight__drone0,88.7,10,10
2026-08-18T04:04:07+01:00,2,nn_2opt,astar,1,ok,20260818_030149__scenario2__astar__drone0,110.6,10,10
2026-08-18T04:07:35+01:00,2,nn_2opt,astar,2,ok,20260818_030520__scenario2__astar__drone0,107.6,10,10
2026-08-18T04:11:19+01:00,2,nn_2opt,astar,3,ok,20260818_030856__scenario2__astar__drone0,115.0,10,9
2026-08-18T04:14:51+01:00,2,nn_2opt,rrts,1,ok,20260818_031243__scenario2__rrts__drone0,101.6,10,10
2026-08-18T04:18:23+01:00,2,nn_2opt,rrts,2,ok,20260818_031606__scenario2__rrts__drone0,110.2,10,7
2026-08-18T04:21:55+01:00,2,nn_2opt,rrts,3,ok,20260818_031939__scenario2__rrts__drone0,109.2,10,9
2026-08-18T04:27:08+01:00,3,input,straight,1,ok,20260818_032326__scenario3__straight__drone0,193.5,20,18
2026-08-18T04:28:46+01:00,3,input,straight,2,no_mission,20260818_032830__scenario3__straight__drone0,,0,0
2026-08-18T04:34:06+01:00,3,input,straight,2,ok,20260818_033007__scenario3__straight__drone0,212.2,20,19
2026-08-18T04:39:10+01:00,3,input,straight,3,ok,20260818_033524__scenario3__straight__drone0,197.6,20,19
2026-08-18T04:45:02+01:00,3,input,astar,1,ok,20260818_034033__scenario3__astar__drone0,243.0,20,19
2026-08-18T04:51:08+01:00,3,input,astar,2,ok,20260818_034629__scenario3__astar__drone0,251.2,20,17
2026-08-18T04:56:56+01:00,3,input,astar,3,ok,20260818_035240__scenario3__astar__drone0,230.4,20,20
2026-08-18T05:02:31+01:00,3,input,rrts,1,ok,20260818_035815__scenario3__rrts__drone0,230.7,20,20
2026-08-18T06:28:59+01:00,3,input,rrts,2,ok,20260818_052400__scenario3__rrts__drone0,272.1,20,17
2026-08-18T06:34:35+01:00,3,input,rrts,3,ok,20260818_053023__scenario3__rrts__drone0,226.6,20,19
2026-08-18T06:38:15+01:00,3,nn_2opt,straight,1,ok,20260818_053554__scenario3__straight__drone0,115.1,20,20
2026-08-18T06:42:43+01:00,3,nn_2opt,straight,2,ok,20260818_053934__scenario3__straight__drone0,158.8,20,18
2026-08-18T06:44:26+01:00,3,nn_2opt,straight,3,no_mission,20260818_054409__scenario3__straight__drone0,,0,0
2026-08-18T06:48:30+01:00,3,nn_2opt,straight,3,ok,20260818_054548__scenario3__straight__drone0,135.7,20,20
2026-08-18T06:53:16+01:00,3,nn_2opt,astar,1,ok,20260818_054958__scenario3__astar__drone0,170.5,20,20
2026-08-18T06:57:50+01:00,3,nn_2opt,astar,2,ok,20260818_055438__scenario3__astar__drone0,164.3,20,20
2026-08-18T06:59:25+01:00,3,nn_2opt,astar,3,no_mission,20260818_055909__scenario3__astar__drone0,,0,0
2026-08-18T07:03:44+01:00,3,nn_2opt,astar,3,ok,20260818_060044__scenario3__astar__drone0,153.4,20,20
2026-08-18T07:08:00+01:00,3,nn_2opt,rrts,1,ok,20260818_060504__scenario3__rrts__drone0,150.6,20,20
2026-08-18T07:12:22+01:00,3,nn_2opt,rrts,2,ok,20260818_060920__scenario3__rrts__drone0,152.5,20,20
2026-08-18T07:16:52+01:00,3,nn_2opt,rrts,3,ok,20260818_061343__scenario3__rrts__drone0,161.4,20,19
2026-08-18T07:20:23+01:00,4,input,straight,1,ok_incomplete,20260818_061801__scenario4__straight__drone0,115.2,1,1
2026-08-18T07:21:49+01:00,4,input,straight,2,no_mission,20260818_062133__scenario4__straight__drone0,,0,0
2026-08-18T07:24:43+01:00,4,input,straight,2,ok,20260818_062312__scenario4__straight__drone0,66.6,5,4
2026-08-18T07:27:52+01:00,4,input,straight,3,ok_incomplete,20260818_062555__scenario4__straight__drone0,89.9,3,3
2026-08-18T07:30:44+01:00,4,input,astar,1,ok,20260818_062901__scenario4__astar__drone0,78.8,5,5
2026-08-18T07:32:07+01:00,4,input,astar,2,no_mission,20260818_063151__scenario4__astar__drone0,,0,0
2026-08-18T07:34:57+01:00,4,input,astar,2,ok,20260818_063316__scenario4__astar__drone0,76.4,5,5
2026-08-18T07:37:46+01:00,4,input,astar,3,ok,20260818_063605__scenario4__astar__drone0,76.8,5,5
2026-08-18T07:41:55+01:00,4,input,rrts,1,ok_incomplete,20260818_063854__scenario4__rrts__drone0,157.7,3,3
2026-08-18T07:44:48+01:00,4,input,rrts,2,ok,20260818_064302__scenario4__rrts__drone0,73.9,5,5
2026-08-18T07:47:39+01:00,4,input,rrts,3,ok,20260818_064555__scenario4__rrts__drone0,79.6,5,5
2026-08-18T07:50:31+01:00,4,nn_2opt,straight,1,ok_incomplete,20260818_064847__scenario4__straight__drone0,80.3,3,3
2026-08-18T07:53:25+01:00,4,nn_2opt,straight,2,ok_incomplete,20260818_065141__scenario4__straight__drone0,80.9,3,3
2026-08-18T07:56:06+01:00,4,nn_2opt,straight,3,ok_incomplete,20260818_065432__scenario4__straight__drone0,70.5,4,4
2026-08-18T07:58:47+01:00,4,nn_2opt,astar,1,ok,20260818_065715__scenario4__astar__drone0,68.9,5,5
2026-08-18T08:01:30+01:00,4,nn_2opt,astar,2,ok,20260818_065956__scenario4__astar__drone0,69.8,5,5
2026-08-18T08:04:22+01:00,4,nn_2opt,astar,3,ok,20260818_070237__scenario4__astar__drone0,81.6,5,4
2026-08-18T08:07:10+01:00,4,nn_2opt,rrts,1,ok,20260818_070530__scenario4__rrts__drone0,77.1,5,5
2026-08-18T08:09:57+01:00,4,nn_2opt,rrts,2,ok,20260818_070818__scenario4__rrts__drone0,75.5,5,5
2026-08-18T08:11:21+01:00,4,nn_2opt,rrts,3,no_mission,20260818_071106__scenario4__rrts__drone0,,0,0
2026-08-18T08:14:05+01:00,4,nn_2opt,rrts,3,ok,20260818_071229__scenario4__rrts__drone0,71.3,5,5
