t_wall,t_rel,x,y,z,yaw,speed_est
1774462133.6506395,2.309591293334961,-0.019346708790855874,-0.02263501671475154,0.0016970787123545758,0.00033202725753683326,0.0
1774462133.7508655,2.4098172187805176,-0.019346708790855874,-0.02263501671475154,0.0016970787123545758,0.00033202725753683326,0.0
1774462134.0075488,2.6665005683898926,-0.019346708790855874,-0.02263501671475154,0.0016970787123545758,0.00033202725753683326,0.0
1774462134.107753,2.766704797744751,-0.019346708790855874,-0.02263501671475154,0.0016970787123545758,0.00033202725753683326,0.0
1774462134.2082987,2.867250442504883,-0.019346708790855874,-0.02263501671475154,0.0016970787123545758,0.00033202725753683326,0.0
1774462134.3085437,2.9674954414367676,-0.019346708790855874,-0.02263501671475154,0.0016970787123545758,0.00033202725753683326,0.0
1774462134.409035,3.0679867267608643,-0.019346708790855874,-0.02263501671475154,0.0016970787123545758,0.00033202725753683326,0.0
1774462134.5093658,3.1683175563812256,-0.019346708790855874,-0.02263501671475154,0.0016970787123545758,0.00033202725753683326,0.0
1774462134.6117663,3.2707180976867676,-0.019270792025281334,-0.022666010394747384,0.0021432336564986346,0.0005016742260037544,0.004429935747162687
1774462134.7124085,3.3713603019714355,-0.019270792025281334,-0.022666010394747384,0.0021432336564986346,0.0005016742260037544,0.0
1774462134.8155823,3.474534034729004,-0.01901332073990577,-0.022581919583344188,0.0025966497690335655,0.0006151361140576883,0.005119094915400768
1774462134.9159205,3.5748722553253174,-0.01901332073990577,-0.022581919583344188,0.0025966497690335655,0.0006151361140576883,0.0
1774462135.016491,3.675442695617676,-0.01905805394186066,-0.023035247505412623,0.0031519417517289205,0.0005581977077835867,0.007141576311803499
1774462135.116734,3.7756857872009277,-0.01905805394186066,-0.023035247505412623,0.0031519417517289205,0.0005581977077835867,0.0
1774462135.2174034,3.8763551712036133,-0.018410567774876842,-0.02379484995687867,0.001616225790317602,0.0005681202557467776,0.018193937453233115
1774462135.3176482,3.976599931716919,-0.018410567774876842,-0.02379484995687867,0.001616225790317602,0.0005681202557467776,0.0
1774462135.418172,4.077123641967773,-0.018410466858750033,-0.023794886110461575,0.0016404627116981124,0.0005681179657217516,0.00024110887249952396
1774462135.5183718,4.177323579788208,-0.018410466858750033,-0.023794886110461575,0.0016404627116981124,0.0005681179657217516,0.0
1774462135.6188338,4.277785539627075,-0.018410392508817656,-0.0237949127410849,0.0016583165954890816,0.0005681173552740866,0.00017771959147025595
1774462135.719118,4.378069877624512,-0.018410392508817656,-0.0237949127410849,0.0016583165954890816,0.0005681173552740866,0.0
1774462135.8197794,4.478731155395508,-0.01841034591240514,-0.02379492943299902,0.0016695050457354588,0.0005681175999514149,0.00011115058316967704
1774462135.920046,4.578997850418091,-0.01841034591240514,-0.02379492943299902,0.0016695050457354588,0.0005681175999514149,0.0
1774462136.0205903,4.679542064666748,-0.018410307496721835,-0.023794943189182276,0.001678730063750987,0.0005681183537221817,9.17517564546476e-05
1774462136.121123,4.780074834823608,-0.018410307496721835,-0.023794943189182276,0.001678730063750987,0.0005681183537221817,0.0
1774462136.2234273,4.882379055023193,-0.01841028490374516,-0.023794951283058145,0.001684156198368321,0.0005681191879600794,5.3039724838851604e-05
1774462136.3244643,4.9834160804748535,-0.01841028490374516,-0.023794951283058145,0.001684156198368321,0.0005681191879600794,0.0
1774462136.425,5.083951711654663,-0.018410266277245985,-0.023794957958534747,0.0016886299999059953,0.0005681202821302784,4.4500096539297285e-05
1774462136.5255284,5.1844801902771,-0.018410266277245985,-0.023794957958534747,0.0016886299999059953,0.0005681202821302784,0.0
1774462136.6260772,5.28502893447876,-0.018410255321076402,-0.02379496188467497,0.0016912617736225058,0.0005681212493254458,2.6174364198176314e-05
1774462136.726425,5.385376691818237,-0.018410255321076402,-0.02379496188467497,0.0016912617736225058,0.0005681212493254458,0.0
1774462136.8270147,5.485966444015503,-0.018410245007847666,-0.023794965582861576,0.0016937388671294726,0.000568122625306736,2.462594531352594e-05
1774462136.9272635,5.586215257644653,-0.018410245007847666,-0.023794965582861576,0.0016937388671294726,0.000568122625306736,0.0
1774462137.0277526,5.686704397201538,-0.018410241527738545,-0.02379496682800586,0.0016945749818495504,0.000568123293501066,8.320529893911983e-06
1774462137.1284516,5.787403345108032,-0.018410241527738545,-0.02379496682800586,0.0016945749818495504,0.000568123293501066,0.0
1774462137.2309709,5.889922618865967,-0.01841023807236734,-0.023794968064568704,0.001695403401258233,0.0005681241363909928,8.080700412888062e-06
1774462137.3317533,5.9907050132751465,-0.01841023807236734,-0.023794968064568704,0.001695403401258233,0.0005681241363909928,0.0
1774462137.4335911,6.092542886734009,-0.018410234632130536,-0.023794969300654136,0.0016962304451773186,0.0005681253189000908,8.121261469933697e-06
1774462137.533892,6.192843675613403,-0.018410234632130536,-0.023794969300654136,0.0016962304451773186,0.0005681253189000908,0.0
1774462137.6344187,6.293370485305786,-0.018410231225054533,-0.02379497052257494,0.0016970476433713633,0.0005681272603709743,8.129236493894966e-06
1774462137.734655,6.393606662750244,-0.018410231225054533,-0.02379497052257494,0.0016970476433713633,0.0005681272603709743,0.0
1774462137.838506,6.49745774269104,-0.018410231225054533,-0.02379497052257494,0.0016970476433713633,0.0005681272603709743,0.0
1774462137.9412704,6.600222110748291,-0.018410231225054533,-0.02379497052257494,0.0016970476433713633,0.0005681272603709743,0.0
1774462138.0417974,6.700749158859253,-0.018410231225054533,-0.02379497052257494,0.0016970476433713633,0.0005681272603709743,0.0
1774462138.1420612,6.801012992858887,-0.018410231225054533,-0.02379497052257494,0.0016970476433713633,0.0005681272603709743,0.0
1774462138.2425532,6.901504993438721,-0.018410231225054533,-0.02379497052257494,0.0016970476433713633,0.0005681272603709743,0.0
1774462138.3428826,7.001834392547607,-0.018410231225054533,-0.02379497052257494,0.0016970476433713633,0.0005681272603709743,0.0
1774462138.4433594,7.102311134338379,-0.018410231225054533,-0.02379497052257494,0.0016970476433713633,0.0005681272603709743,0.0
1774462138.5438273,7.202779054641724,-0.018410231225054533,-0.02379497052257494,0.0016970476433713633,0.0005681272603709743,0.0
1774462138.6443713,7.303323030471802,-0.018410231225054533,-0.02379497052257494,0.0016970476433713633,0.0005681272603709743,0.0
1774462138.7455587,7.404510498046875,-0.018410231225054533,-0.02379497052257494,0.0016970476433713633,0.0005681272603709743,0.0
1774462138.8499217,7.508873462677002,-0.018410231225054533,-0.02379497052257494,0.0016970476433713633,0.0005681272603709743,0.0
1774462138.9501867,7.609138488769531,-0.018410231225054533,-0.02379497052257494,0.0016970476433713633,0.0005681272603709743,0.0
1774462139.0506828,7.70963454246521,-0.018410227828244988,-0.023794971745562256,0.0016978626772719066,0.0005681342482236725,8.110188077301424e-06
1774462139.1511052,7.810056924819946,-0.018410227828244988,-0.023794971745562256,0.0016978626772719066,0.0005681342482236725,0.0
1774462139.2557259,7.914677619934082,-0.018410227828244988,-0.023794971745562256,0.0016978626772719066,0.0005681342482236725,0.0
1774462139.3570735,8.016025304794312,-0.018410227828244988,-0.023794971745562256,0.0016978626772719066,0.0005681342482236725,0.0
1774462139.459774,8.118725776672363,-0.018410227828244988,-0.023794971745562256,0.0016978626772719066,0.0005681342482236725,0.0
1774462139.5610166,8.219968318939209,-0.018410227828244988,-0.023794971745562256,0.0016978626772719066,0.0005681342482236725,0.0
1774462139.6614828,8.3204345703125,-0.018410227828244988,-0.023794971745562256,0.0016978626772719066,0.0005681342482236725,0.0
1774462139.763625,8.422576665878296,-0.018410227828244988,-0.023794971745562256,0.0016978626772719066,0.0005681342482236725,0.0
1774462139.865618,8.524569749832153,-0.018410227828244988,-0.023794971745562256,0.0016978626772719066,0.0005681342482236725,0.0
1774462139.9658673,8.624819040298462,-0.018410227828244988,-0.023794971745562256,0.0016978626772719066,0.0005681342482236725,0.0
1774462140.07457,8.733521699905396,-0.018410227828244988,-0.023794971745562256,0.0016978626772719066,0.0005681342482236725,0.0
1774462140.174901,8.833852767944336,-0.018410227828244988,-0.023794971745562256,0.0016978626772719066,0.0005681342482236725,0.0
1774462140.2755666,8.934518337249756,-0.018410227828244988,-0.023794971745562256,0.0016978626772719066,0.0005681342482236725,0.0
1774462140.391328,9.05027985572815,-0.018410227828244988,-0.023794971745562256,0.0016978626772719066,0.0005681342482236725,0.0
1774462140.4918137,9.150765419006348,-0.018410227828244988,-0.023794971745562256,0.0016978626772719066,0.0005681342482236725,0.0
1774462140.5943272,9.253278970718384,-0.018410227828244988,-0.023794971745562256,0.0016978626772719066,0.0005681342482236725,0.0
1774462140.6947758,9.353727579116821,-0.018410227828244988,-0.023794971745562256,0.0016978626772719066,0.0005681342482236725,0.0
1774462140.7950025,9.453954219818115,-0.018410227828244988,-0.023794971745562256,0.0016978626772719066,0.0005681342482236725,0.0
1774462140.8955152,9.554466962814331,-0.018410227828244988,-0.023794971745562256,0.0016978626772719066,0.0005681342482236725,0.0
1774462140.9957654,9.654717206954956,-0.018410227828244988,-0.023794971745562256,0.0016978626772719066,0.0005681342482236725,0.0
1774462141.096689,9.755640745162964,-0.018410227828244988,-0.023794971745562256,0.0016978626772719066,0.0005681342482236725,0.0
1774462141.200666,9.859617710113525,-0.018410227828244988,-0.023794971745562256,0.0016978626772719066,0.0005681342482236725,0.0
1774462141.3015084,9.960460186004639,-0.018410227828244988,-0.023794971745562256,0.0016978626772719066,0.0005681342482236725,0.0
1774462141.401736,10.060687780380249,-0.018410227828244988,-0.023794971745562256,0.0016978626772719066,0.0005681342482236725,0.0
1774462141.502428,10.16137981414795,-0.018410227828244988,-0.023794971745562256,0.0016978626772719066,0.0005681342482236725,0.0
1774462141.6073153,10.26626706123352,-0.018410227828244988,-0.023794971745562256,0.0016978626772719066,0.0005681342482236725,0.0
1774462141.707783,10.366734743118286,-0.018410227828244988,-0.023794971745562256,0.0016978626772719066,0.0005681342482236725,0.0
1774462141.8081243,10.467076063156128,-0.018410227828244988,-0.023794971745562256,0.0016978626772719066,0.0005681342482236725,0.0
1774462141.9115121,10.57046389579773,-0.018410227828244988,-0.023794971745562256,0.0016978626772719066,0.0005681342482236725,0.0
1774462142.0117385,10.670690298080444,-0.018410227828244988,-0.023794971745562256,0.0016978626772719066,0.0005681342482236725,0.0
1774462142.1122868,10.771238565444946,-0.018410227828244988,-0.023794971745562256,0.0016978626772719066,0.0005681342482236725,0.0
1774462142.2125185,10.871470212936401,-0.018410227828244988,-0.023794971745562256,0.0016978626772719066,0.0005681342482236725,0.0
1774462142.3129911,10.971942901611328,-0.018410227828244988,-0.023794971745562256,0.0016978626772719066,0.0005681342482236725,0.0
1774462142.4132516,11.072203397750854,-0.018410227828244988,-0.023794971745562256,0.0016978626772719066,0.0005681342482236725,0.0
1774462142.513741,11.172692775726318,-0.018410227828244988,-0.023794971745562256,0.0016978626772719066,0.0005681342482236725,0.0
1774462142.6139834,11.272935152053833,-0.018410227828244988,-0.023794971745562256,0.0016978626772719066,0.0005681342482236725,0.0
1774462142.7146132,11.373564958572388,-0.018410227828244988,-0.023794971745562256,0.0016978626772719066,0.0005681342482236725,0.0
1774462142.8162017,11.47515344619751,-0.018410227828244988,-0.023794971745562256,0.0016978626772719066,0.0005681342482236725,0.0
1774462142.9176037,11.576555490493774,-0.018410227828244988,-0.023794971745562256,0.0016978626772719066,0.0005681342482236725,0.0
1774462143.0178483,11.676800012588501,-0.018410227828244988,-0.023794971745562256,0.0016978626772719066,0.0005681342482236725,0.0
1774462143.1245036,11.78345537185669,-0.018410227828244988,-0.023794971745562256,0.0016978626772719066,0.0005681342482236725,0.0
1774462143.226489,11.885440826416016,-0.018410227828244988,-0.023794971745562256,0.0016978626772719066,0.0005681342482236725,0.0
1774462143.3269722,11.985924005508423,-0.018410227828244988,-0.023794971745562256,0.0016978626772719066,0.0005681342482236725,0.0
1774462143.4273257,12.086277484893799,-0.018410227828244988,-0.023794971745562256,0.0016978626772719066,0.0005681342482236725,0.0
1774462143.530537,12.189488649368286,-0.018410227828244988,-0.023794971745562256,0.0016978626772719066,0.0005681342482236725,0.0
1774462143.6325438,12.291495561599731,-0.018410227828244988,-0.023794971745562256,0.0016978626772719066,0.0005681342482236725,0.0
1774462143.7330642,12.392015933990479,-0.018410227828244988,-0.023794971745562256,0.0016978626772719066,0.0005681342482236725,0.0
1774462143.833301,12.492252826690674,-0.018410227828244988,-0.023794971745562256,0.0016978626772719066,0.0005681342482236725,0.0
1774462143.934208,12.593159675598145,-0.018410227828244988,-0.023794971745562256,0.0016978626772719066,0.0005681342482236725,0.0
1774462144.0345497,12.693501472473145,-0.018410227828244988,-0.023794971745562256,0.0016978626772719066,0.0005681342482236725,0.0
1774462144.135466,12.79441785812378,-0.018410227828244988,-0.023794971745562256,0.0016978626772719066,0.0005681342482236725,0.0
1774462144.2364414,12.895393133163452,-0.018410227828244988,-0.023794971745562256,0.0016978626772719066,0.0005681342482236725,0.0
1774462144.3369305,12.995882272720337,-0.018410227828244988,-0.023794971745562256,0.0016978626772719066,0.0005681342482236725,0.0
1774462144.4371762,13.096127986907959,-0.018410227828244988,-0.023794971745562256,0.0016978626772719066,0.0005681342482236725,0.0
1774462144.5390074,13.197959184646606,-0.018410227828244988,-0.023794971745562256,0.0016978626772719066,0.0005681342482236725,0.0
1774462144.6396306,13.298582315444946,-0.018410227828244988,-0.023794971745562256,0.0016978626772719066,0.0005681342482236725,0.0
1774462144.7427945,13.401746273040771,-0.018410227828244988,-0.023794971745562256,0.0016978626772719066,0.0005681342482236725,0.0
1774462144.8431177,13.502069473266602,-0.018410227828244988,-0.023794971745562256,0.0016978626772719066,0.0005681342482236725,0.0
1774462144.9434903,13.602442026138306,-0.018410227828244988,-0.023794971745562256,0.0016978626772719066,0.0005681342482236725,0.0
1774462145.0437415,13.702693223953247,-0.018410227828244988,-0.023794971745562256,0.0016978626772719066,0.0005681342482236725,0.0
1774462145.1442676,13.803219318389893,-0.018410227828244988,-0.023794971745562256,0.0016978626772719066,0.0005681342482236725,0.0
1774462145.2468674,13.905819177627563,-0.018410227828244988,-0.023794971745562256,0.0016978626772719066,0.0005681342482236725,0.0
1774462145.3475256,14.006477355957031,-0.018410227828244988,-0.023794971745562256,0.0016978626772719066,0.0005681342482236725,0.0
1774462145.4480038,14.106955528259277,-0.018410227828244988,-0.023794971745562256,0.0016978626772719066,0.0005681342482236725,0.0
1774462145.5492373,14.208189010620117,-0.018410227828244988,-0.023794971745562256,0.0016978626772719066,0.0005681342482236725,0.0
1774462145.6496904,14.308642148971558,-0.018410227828244988,-0.023794971745562256,0.0016978626772719066,0.0005681342482236725,0.0
1774462145.7519965,14.410948276519775,-0.018410227828244988,-0.023794971745562256,0.0016978626772719066,0.0005681342482236725,0.0
1774462145.8523026,14.51125431060791,-0.018410227828244988,-0.023794971745562256,0.0016978626772719066,0.0005681342482236725,0.0
1774462145.9546862,14.613637924194336,-0.018410227828244988,-0.023794971745562256,0.0016978626772719066,0.0005681342482236725,0.0
1774462146.0549245,14.713876247406006,-0.018410227828244988,-0.023794971745562256,0.0016978626772719066,0.0005681342482236725,0.0
1774462146.156773,14.815724849700928,-0.018410227828244988,-0.023794971745562256,0.0016978626772719066,0.0005681342482236725,0.0
1774462146.2570806,14.916032314300537,-0.018410227828244988,-0.023794971745562256,0.0016978626772719066,0.0005681342482236725,0.0
1774462146.360578,15.019529819488525,-0.018410227828244988,-0.023794971745562256,0.0016978626772719066,0.0005681342482236725,0.0
1774462146.4609559,15.11990761756897,-0.018410227828244988,-0.023794971745562256,0.0016978626772719066,0.0005681342482236725,0.0
1774462146.5614307,15.220382452011108,-0.018410227828244988,-0.023794971745562256,0.0016978626772719066,0.0005681342482236725,0.0
1774462146.6619654,15.320917129516602,-0.018410227828244988,-0.023794971745562256,0.0016978626772719066,0.0005681342482236725,0.0
1774462146.7702136,15.429165363311768,-0.018410227828244988,-0.023794971745562256,0.0016978626772719066,0.0005681342482236725,0.0
1774462146.871476,15.530427694320679,-0.018410227828244988,-0.023794971745562256,0.0016978626772719066,0.0005681342482236725,0.0
1774462146.9719527,15.63090443611145,-0.018410227828244988,-0.023794971745562256,0.0016978626772719066,0.0005681342482236725,0.0
1774462147.0722036,15.731155395507812,-0.018410227828244988,-0.023794971745562256,0.0016978626772719066,0.0005681342482236725,0.0
1774462147.1745543,15.833506107330322,-0.018410227828244988,-0.023794971745562256,0.0016978626772719066,0.0005681342482236725,0.0
1774462147.2748077,15.933759450912476,-0.018410227828244988,-0.023794971745562256,0.0016978626772719066,0.0005681342482236725,0.0
1774462147.3753233,16.03427505493164,-0.018410227828244988,-0.023794971745562256,0.0016978626772719066,0.0005681342482236725,0.0
1774462147.4756548,16.13460659980774,-0.018410227828244988,-0.023794971745562256,0.0016978626772719066,0.0005681342482236725,0.0
1774462147.5763636,16.235315322875977,-0.018410227828244988,-0.023794971745562256,0.0016978626772719066,0.0005681342482236725,0.0
1774462147.6766138,16.3355655670166,-0.018410227828244988,-0.023794971745562256,0.0016978626772719066,0.0005681342482236725,0.0
1774462147.7786593,16.43761110305786,-0.018410227828244988,-0.023794971745562256,0.0016978626772719066,0.0005681342482236725,0.0
1774462147.8789022,16.537853956222534,-0.018410227828244988,-0.023794971745562256,0.0016978626772719066,0.0005681342482236725,0.0
1774462147.9794137,16.638365507125854,-0.018410227828244988,-0.023794971745562256,0.0016978626772719066,0.0005681342482236725,0.0
1774462148.0802233,16.73917508125305,-0.018410227828244988,-0.023794971745562256,0.0016978626772719066,0.0005681342482236725,0.0
1774462148.1806316,16.83958339691162,-0.018410227828244988,-0.023794971745562256,0.0016978626772719066,0.0005681342482236725,0.0
1774462148.2809067,16.939858436584473,-0.018410227828244988,-0.023794971745562256,0.0016978626772719066,0.0005681342482236725,0.0
1774462148.3814578,17.040409564971924,-0.018410227828244988,-0.023794971745562256,0.0016978626772719066,0.0005681342482236725,0.0
1774462148.4816875,17.140639305114746,-0.018410227828244988,-0.023794971745562256,0.0016978626772719066,0.0005681342482236725,0.0
1774462148.582697,17.24164867401123,-0.018410227828244988,-0.023794971745562256,0.0016978626772719066,0.0005681342482236725,0.0
1774462148.6883023,17.347254037857056,-0.018410227828244988,-0.023794971745562256,0.0016978626772719066,0.0005681342482236725,0.0
1774462148.7905405,17.44949221611023,-0.018410227828244988,-0.023794971745562256,0.0016978626772719066,0.0005681342482236725,0.0
1774462148.891304,17.55025577545166,-0.018410227828244988,-0.023794971745562256,0.0016978626772719066,0.0005681342482236725,0.0
1774462148.9917805,17.650732278823853,-0.018410227828244988,-0.023794971745562256,0.0016978626772719066,0.0005681342482236725,0.0
1774462149.0921912,17.751142978668213,-0.018410227828244988,-0.023794971745562256,0.0016978626772719066,0.0005681342482236725,0.0
1774462149.1936498,17.852601528167725,-0.018410227828244988,-0.023794971745562256,0.0016978626772719066,0.0005681342482236725,0.0
1774462149.294212,17.953163862228394,-0.018410227828244988,-0.023794971745562256,0.0016978626772719066,0.0005681342482236725,0.0
1774462149.39551,18.05446171760559,-0.018410227828244988,-0.023794971745562256,0.0016978626772719066,0.0005681342482236725,0.0
1774462149.4957032,18.15465497970581,-0.018410227828244988,-0.023794971745562256,0.0016978626772719066,0.0005681342482236725,0.0
1774462149.5965192,18.255470991134644,-0.018410227828244988,-0.023794971745562256,0.0016978626772719066,0.0005681342482236725,0.0
1774462149.6967678,18.355719566345215,-0.018410227828244988,-0.023794971745562256,0.0016978626772719066,0.0005681342482236725,0.0
1774462149.7972386,18.45619034767151,-0.018410227828244988,-0.023794971745562256,0.0016978626772719066,0.0005681342482236725,0.0
1774462149.9000604,18.559012174606323,-0.018410227828244988,-0.023794971745562256,0.0016978626772719066,0.0005681342482236725,0.0
1774462150.0009115,18.659863233566284,-0.018410227828244988,-0.023794971745562256,0.0016978626772719066,0.0005681342482236725,0.0
1774462150.102374,18.76132583618164,-0.018410227828244988,-0.023794971745562256,0.0016978626772719066,0.0005681342482236725,0.0
1774462150.202907,18.86185884475708,-0.018410227828244988,-0.023794971745562256,0.0016978626772719066,0.0005681342482236725,0.0
1774462150.3063064,18.96525812149048,-0.018410227828244988,-0.023794971745562256,0.0016978626772719066,0.0005681342482236725,0.0
1774462150.4077556,19.066707372665405,-0.018410227828244988,-0.023794971745562256,0.0016978626772719066,0.0005681342482236725,0.0
1774462150.5081215,19.167073249816895,-0.018410227828244988,-0.023794971745562256,0.0016978626772719066,0.0005681342482236725,0.0
1774462150.6096153,19.268567085266113,-0.018410227828244988,-0.023794971745562256,0.0016978626772719066,0.0005681342482236725,0.0
1774462150.7112281,19.370179891586304,-0.018410227828244988,-0.023794971745562256,0.0016978626772719066,0.0005681342482236725,0.0
1774462150.8160815,19.475033283233643,-0.018410227828244988,-0.023794971745562256,0.0016978626772719066,0.0005681342482236725,0.0
1774462150.9163115,19.575263261795044,-0.018410227828244988,-0.023794971745562256,0.0016978626772719066,0.0005681342482236725,0.0
1774462151.0193937,19.678345441818237,-0.018410227828244988,-0.023794971745562256,0.0016978626772719066,0.0005681342482236725,0.0
1774462151.1196415,19.77859330177307,-0.018410227828244988,-0.023794971745562256,0.0016978626772719066,0.0005681342482236725,0.0
1774462151.2201755,19.879127264022827,-0.018410227828244988,-0.023794971745562256,0.0016978626772719066,0.0005681342482236725,0.0
1774462151.3204408,19.979392528533936,-0.018410227828244988,-0.023794971745562256,0.0016978626772719066,0.0005681342482236725,0.0
1774462151.4209192,20.07987093925476,-0.018410227828244988,-0.023794971745562256,0.0016978626772719066,0.0005681342482236725,0.0
1774462151.5263255,20.185277223587036,-0.018410227828244988,-0.023794971745562256,0.0016978626772719066,0.0005681342482236725,0.0
1774462151.6272066,20.286158323287964,-0.018410227828244988,-0.023794971745562256,0.0016978626772719066,0.0005681342482236725,0.0
1774462151.727493,20.386444807052612,-0.018410227828244988,-0.023794971745562256,0.0016978626772719066,0.0005681342482236725,0.0
1774462151.8279557,20.486907482147217,-0.018410227828244988,-0.023794971745562256,0.0016978626772719066,0.0005681342482236725,0.0
1774462151.9283345,20.587286233901978,-0.018410227828244988,-0.023794971745562256,0.0016978626772719066,0.0005681342482236725,0.0
1774462152.0290122,20.68796396255493,-0.018410227828244988,-0.023794971745562256,0.0016978626772719066,0.0005681342482236725,0.0
1774462152.1293528,20.788304567337036,-0.018410227828244988,-0.023794971745562256,0.0016978626772719066,0.0005681342482236725,0.0
1774462152.2305539,20.889505624771118,-0.018410227828244988,-0.023794971745562256,0.0016978626772719066,0.0005681342482236725,0.0
1774462152.3308973,20.989849090576172,-0.018410227828244988,-0.023794971745562256,0.0016978626772719066,0.0005681342482236725,0.0
1774462152.431448,21.090399742126465,-0.018410227828244988,-0.023794971745562256,0.0016978626772719066,0.0005681342482236725,0.0
1774462152.5318058,21.190757513046265,-0.018410227828244988,-0.023794971745562256,0.0016978626772719066,0.0005681342482236725,0.0
1774462152.632369,21.29132080078125,-0.018410227828244988,-0.023794971745562256,0.0016978626772719066,0.0005681342482236725,0.0
1774462152.738309,21.397260665893555,-0.018410227828244988,-0.023794971745562256,0.0016978626772719066,0.0005681342482236725,0.0
1774462152.8392417,21.498193502426147,-0.018410227828244988,-0.023794971745562256,0.0016978626772719066,0.0005681342482236725,0.0
1774462152.9413526,21.60030436515808,-0.018410227828244988,-0.023794971745562256,0.0016978626772719066,0.0005681342482236725,0.0
1774462153.0545087,21.713460445404053,-0.018410227828244988,-0.023794971745562256,0.0016978626772719066,0.0005681342482236725,0.0
1774462153.1547928,21.81374454498291,-0.018410227828244988,-0.023794971745562256,0.0016978626772719066,0.0005681342482236725,0.0
1774462153.2655647,21.924516439437866,-0.018410227828244988,-0.023794971745562256,0.0016978626772719066,0.0005681342482236725,0.0
1774462153.3679059,22.026857614517212,-0.018410227828244988,-0.023794971745562256,0.0016978626772719066,0.0005681342482236725,0.0
1774462153.4925523,22.151504039764404,-0.018410227828244988,-0.023794971745562256,0.0016978626772719066,0.0005681342482236725,0.0
1774462153.592794,22.25174570083618,-0.018410227828244988,-0.023794971745562256,0.0016978626772719066,0.0005681342482236725,0.0
1774462153.6936269,22.35257863998413,-0.018410227828244988,-0.023794971745562256,0.0016978626772719066,0.0005681342482236725,0.0
1774462153.793986,22.452937841415405,-0.018410227828244988,-0.023794971745562256,0.0016978626772719066,0.0005681342482236725,0.0
1774462153.8947246,22.55367636680603,-0.018410227828244988,-0.023794971745562256,0.0016978626772719066,0.0005681342482236725,0.0
1774462153.9949498,22.65390157699585,-0.018410227828244988,-0.023794971745562256,0.0016978626772719066,0.0005681342482236725,0.0
1774462154.0958068,22.754758596420288,-0.018410227828244988,-0.023794971745562256,0.0016978626772719066,0.0005681342482236725,0.0
1774462154.1962752,22.85522699356079,-0.018410227828244988,-0.023794971745562256,0.0016978626772719066,0.0005681342482236725,0.0
1774462154.296768,22.955719709396362,-0.018410227828244988,-0.023794971745562256,0.0016978626772719066,0.0005681342482236725,0.0
1774462154.397023,23.05597472190857,-0.018410227828244988,-0.023794971745562256,0.0016978626772719066,0.0005681342482236725,0.0
1774462154.4985187,23.15747046470642,-0.018410227828244988,-0.023794971745562256,0.0016978626772719066,0.0005681342482236725,0.0
1774462154.6026032,23.261554956436157,-0.018410227828244988,-0.023794971745562256,0.0016978626772719066,0.0005681342482236725,0.0
1774462154.7046874,23.36363911628723,-0.018410227828244988,-0.023794971745562256,0.0016978626772719066,0.0005681342482236725,0.0
1774462154.8084965,23.467448234558105,-0.018410227828244988,-0.023794971745562256,0.0016978626772719066,0.0005681342482236725,0.0
1774462154.9100652,23.569016933441162,-0.018410227828244988,-0.023794971745562256,0.0016978626772719066,0.0005681342482236725,0.0
1774462155.0103848,23.669336557388306,-0.018410227828244988,-0.023794971745562256,0.0016978626772719066,0.0005681342482236725,0.0
1774462155.111105,23.77005672454834,-0.018410227828244988,-0.023794971745562256,0.0016978626772719066,0.0005681342482236725,0.0
1774462155.2123215,23.871273279190063,-0.018410227828244988,-0.023794971745562256,0.0016978626772719066,0.0005681342482236725,0.0
1774462155.312765,23.97171664237976,-0.018410227828244988,-0.023794971745562256,0.0016978626772719066,0.0005681342482236725,0.0
1774462155.4132857,24.072237491607666,-0.018410227828244988,-0.023794971745562256,0.0016978626772719066,0.0005681342482236725,0.0
1774462155.5225792,24.181530952453613,-0.018410227828244988,-0.023794971745562256,0.0016978626772719066,0.0005681342482236725,0.0
1774462155.623156,24.282107830047607,-0.018410227828244988,-0.023794971745562256,0.0016978626772719066,0.0005681342482236725,0.0
1774462155.72354,24.38249182701111,-0.018410227828244988,-0.023794971745562256,0.0016978626772719066,0.0005681342482236725,0.0
1774462155.8238168,24.482768535614014,-0.018410227828244988,-0.023794971745562256,0.0016978626772719066,0.0005681342482236725,0.0
1774462155.924359,24.583310842514038,-0.018410227828244988,-0.023794971745562256,0.0016978626772719066,0.0005681342482236725,0.0
1774462156.0246258,24.68357753753662,-0.018410227828244988,-0.023794971745562256,0.0016978626772719066,0.0005681342482236725,0.0
1774462156.1251497,24.784101486206055,-0.018410227828244988,-0.023794971745562256,0.0016978626772719066,0.0005681342482236725,0.0
1774462156.225682,24.884633779525757,-0.018410227828244988,-0.023794971745562256,0.0016978626772719066,0.0005681342482236725,0.0
1774462156.3260565,24.985008239746094,-0.018410227828244988,-0.023794971745562256,0.0016978626772719066,0.0005681342482236725,0.0
1774462156.4293048,25.08825659751892,-0.018410227828244988,-0.023794971745562256,0.0016978626772719066,0.0005681342482236725,0.0
1774462156.529801,25.1887526512146,-0.018410227828244988,-0.023794971745562256,0.0016978626772719066,0.0005681342482236725,0.0
1774462156.6353283,25.29428005218506,-0.018410227828244988,-0.023794971745562256,0.0016978626772719066,0.0005681342482236725,0.0
1774462156.7358017,25.394753456115723,-0.018410227828244988,-0.023794971745562256,0.0016978626772719066,0.0005681342482236725,0.0
1774462156.8362088,25.495160579681396,-0.018410227828244988,-0.023794971745562256,0.0016978626772719066,0.0005681342482236725,0.0
1774462156.937743,25.596694707870483,-0.018410227828244988,-0.023794971745562256,0.0016978626772719066,0.0005681342482236725,0.0
1774462157.039921,25.698872804641724,-0.018410227828244988,-0.023794971745562256,0.0016978626772719066,0.0005681342482236725,0.0
1774462157.1406446,25.799596309661865,-0.018410227828244988,-0.023794971745562256,0.0016978626772719066,0.0005681342482236725,0.0
1774462157.2408667,25.899818420410156,-0.018410227828244988,-0.023794971745562256,0.0016978626772719066,0.0005681342482236725,0.0
1774462157.3425608,26.00151252746582,-0.018410227828244988,-0.023794971745562256,0.0016978626772719066,0.0005681342482236725,0.0
1774462157.4440875,26.103039264678955,-0.018410227828244988,-0.023794971745562256,0.0016978626772719066,0.0005681342482236725,0.0
1774462157.5444777,26.203429460525513,-0.018410227828244988,-0.023794971745562256,0.0016978626772719066,0.0005681342482236725,0.0
1774462157.6447191,26.30367088317871,-0.018410227828244988,-0.023794971745562256,0.0016978626772719066,0.0005681342482236725,0.0
1774462157.7454739,26.404425621032715,-0.018410227828244988,-0.023794971745562256,0.0016978626772719066,0.0005681342482236725,0.0
1774462157.8482888,26.507240533828735,-0.018410227828244988,-0.023794971745562256,0.0016978626772719066,0.0005681342482236725,0.0
1774462157.9491959,26.608147621154785,-0.018410227828244988,-0.023794971745562256,0.0016978626772719066,0.0005681342482236725,0.0
1774462158.0504625,26.70941424369812,-0.018410227828244988,-0.023794971745562256,0.0016978626772719066,0.0005681342482236725,0.0
1774462158.1524472,26.81139898300171,-0.018410227828244988,-0.023794971745562256,0.0016978626772719066,0.0005681342482236725,0.0
1774462158.2527258,26.911677598953247,-0.018410227828244988,-0.023794971745562256,0.0016978626772719066,0.0005681342482236725,0.0
1774462158.3532941,27.012245893478394,-0.018410227828244988,-0.023794971745562256,0.0016978626772719066,0.0005681342482236725,0.0
1774462158.4535317,27.112483501434326,-0.018410227828244988,-0.023794971745562256,0.0016978626772719066,0.0005681342482236725,0.0
1774462158.553995,27.21294665336609,-0.018410227828244988,-0.023794971745562256,0.0016978626772719066,0.0005681342482236725,0.0
1774462158.6542428,27.313194513320923,-0.018410227828244988,-0.023794971745562256,0.0016978626772719066,0.0005681342482236725,0.0
1774462158.7560496,27.415001392364502,-0.018410227828244988,-0.023794971745562256,0.0016978626772719066,0.0005681342482236725,0.0
1774462158.856301,27.515252828598022,-0.018410227828244988,-0.023794971745562256,0.0016978626772719066,0.0005681342482236725,0.0
1774462158.9567904,27.615742206573486,-0.018410227828244988,-0.023794971745562256,0.0016978626772719066,0.0005681342482236725,0.0
1774462159.0570278,27.71597957611084,-0.018410227828244988,-0.023794971745562256,0.0016978626772719066,0.0005681342482236725,0.0
1774462159.157781,27.81673264503479,-0.018410227828244988,-0.023794971745562256,0.0016978626772719066,0.0005681342482236725,0.0
1774462159.2580523,27.917004108428955,-0.018410227828244988,-0.023794971745562256,0.0016978626772719066,0.0005681342482236725,0.0
1774462159.358528,28.01747965812683,-0.018410227828244988,-0.023794971745562256,0.0016978626772719066,0.0005681342482236725,0.0
1774462159.458773,28.117724657058716,-0.018410227828244988,-0.023794971745562256,0.0016978626772719066,0.0005681342482236725,0.0
1774462159.5592697,28.218221426010132,-0.018410227828244988,-0.023794971745562256,0.0016978626772719066,0.0005681342482236725,0.0
1774462159.6595254,28.318477153778076,-0.018410227828244988,-0.023794971745562256,0.0016978626772719066,0.0005681342482236725,0.0
1774462159.759991,28.41894268989563,-0.018410227828244988,-0.023794971745562256,0.0016978626772719066,0.0005681342482236725,0.0
1774462159.8623931,28.521344900131226,-0.018410227828244988,-0.023794971745562256,0.0016978626772719066,0.0005681342482236725,0.0
1774462159.9661627,28.62511444091797,-0.018410227828244988,-0.023794971745562256,0.0016978626772719066,0.0005681342482236725,0.0
1774462160.0724173,28.731369018554688,-0.018410227828244988,-0.023794971745562256,0.0016978626772719066,0.0005681342482236725,0.0
1774462160.1729684,28.83192014694214,-0.018410227828244988,-0.023794971745562256,0.0016978626772719066,0.0005681342482236725,0.0
1774462160.2732742,28.932225942611694,-0.018410227828244988,-0.023794971745562256,0.0016978626772719066,0.0005681342482236725,0.0
1774462160.3737447,29.03269648551941,-0.018410227828244988,-0.023794971745562256,0.0016978626772719066,0.0005681342482236725,0.0
1774462160.473976,29.132927656173706,-0.018410227828244988,-0.023794971745562256,0.0016978626772719066,0.0005681342482236725,0.0
1774462160.5748887,29.233840465545654,-0.018410227828244988,-0.023794971745562256,0.0016978626772719066,0.0005681342482236725,0.0
1774462160.6754832,29.334434986114502,-0.018410227828244988,-0.023794971745562256,0.0016978626772719066,0.0005681342482236725,0.0
1774462160.7759693,29.43492102622986,-0.018410227828244988,-0.023794971745562256,0.0016978626772719066,0.0005681342482236725,0.0
1774462160.8762133,29.535165071487427,-0.018410227828244988,-0.023794971745562256,0.0016978626772719066,0.0005681342482236725,0.0
1774462160.9766335,29.63558530807495,-0.018410227828244988,-0.023794971745562256,0.0016978626772719066,0.0005681342482236725,0.0
1774462161.0768993,29.735851049423218,-0.018410227828244988,-0.023794971745562256,0.0016978626772719066,0.0005681342482236725,0.0
1774462161.1773648,29.83631658554077,-0.018410227828244988,-0.023794971745562256,0.0016978626772719066,0.0005681342482236725,0.0
1774462161.2776165,29.93656826019287,-0.018410227828244988,-0.023794971745562256,0.0016978626772719066,0.0005681342482236725,0.0
1774462161.3785756,30.037527322769165,-0.018410227828244988,-0.023794971745562256,0.0016978626772719066,0.0005681342482236725,0.0
1774462161.4828117,30.14176344871521,-0.018410227828244988,-0.023794971745562256,0.0016978626772719066,0.0005681342482236725,0.0
1774462161.596875,30.255826711654663,-0.018410227828244988,-0.023794971745562256,0.0016978626772719066,0.0005681342482236725,0.0
1774462161.6982064,30.357158184051514,-0.018410227828244988,-0.023794971745562256,0.0016978626772719066,0.0005681342482236725,0.0
1774462161.801517,30.460468769073486,-0.018410227828244988,-0.023794971745562256,0.0016978626772719066,0.0005681342482236725,0.0
1774462161.9019063,30.560858011245728,-0.018410227828244988,-0.023794971745562256,0.0016978626772719066,0.0005681342482236725,0.0
1774462162.0024543,30.66140604019165,-0.018410227828244988,-0.023794971745562256,0.0016978626772719066,0.0005681342482236725,0.0
1774462162.1033535,30.76230525970459,-0.018410227828244988,-0.023794971745562256,0.0016978626772719066,0.0005681342482236725,0.0
1774462162.209017,30.867968797683716,-0.018410227828244988,-0.023794971745562256,0.0016978626772719066,0.0005681342482236725,0.0
1774462162.3114316,30.970383405685425,-0.018410227828244988,-0.023794971745562256,0.0016978626772719066,0.0005681342482236725,0.0
1774462162.4119143,31.070866107940674,-0.018410227828244988,-0.023794971745562256,0.0016978626772719066,0.0005681342482236725,0.0
1774462162.5121698,31.17112159729004,-0.018410227828244988,-0.023794971745562256,0.0016978626772719066,0.0005681342482236725,0.0
1774462162.616077,31.275028705596924,-0.018410227828244988,-0.023794971745562256,0.0016978626772719066,0.0005681342482236725,0.0
1774462162.7166443,31.375596046447754,-0.018410227828244988,-0.023794971745562256,0.0016978626772719066,0.0005681342482236725,0.0
1774462162.8173394,31.476291179656982,-0.018410227828244988,-0.023794971745562256,0.0016978626772719066,0.0005681342482236725,0.0
1774462162.9185908,31.577542543411255,-0.018410227828244988,-0.023794971745562256,0.0016978626772719066,0.0005681342482236725,0.0
1774462163.019415,31.678366661071777,-0.018410227828244988,-0.023794971745562256,0.0016978626772719066,0.0005681342482236725,0.0
1774462163.1223361,31.781287908554077,-0.018410227828244988,-0.023794971745562256,0.0016978626772719066,0.0005681342482236725,0.0
1774462163.2228203,31.8817720413208,-0.018410227828244988,-0.023794971745562256,0.0016978626772719066,0.0005681342482236725,0.0
1774462163.3253005,31.984252214431763,-0.018410227828244988,-0.023794971745562256,0.0016978626772719066,0.0005681342482236725,0.0
1774462163.4262662,32.08521795272827,-0.018410227828244988,-0.023794971745562256,0.0016978626772719066,0.0005681342482236725,0.0
1774462163.5282216,32.18717336654663,-0.018410227828244988,-0.023794971745562256,0.0016978626772719066,0.0005681342482236725,0.0
1774462163.6286774,32.28762912750244,-0.018410227828244988,-0.023794971745562256,0.0016978626772719066,0.0005681342482236725,0.0
1774462163.7323182,32.39126992225647,-0.018410227828244988,-0.023794971745562256,0.0016978626772719066,0.0005681342482236725,0.0
1774462163.8328414,32.491793155670166,-0.018410227828244988,-0.023794971745562256,0.0016978626772719066,0.0005681342482236725,0.0
1774462163.9383886,32.59734034538269,-0.018410227828244988,-0.023794971745562256,0.0016978626772719066,0.0005681342482236725,0.0
1774462164.0388935,32.697845220565796,-0.018410227828244988,-0.023794971745562256,0.0016978626772719066,0.0005681342482236725,0.0
1774462164.1391134,32.798065185546875,-0.018410227828244988,-0.023794971745562256,0.0016978626772719066,0.0005681342482236725,0.0
1774462164.2395418,32.89849352836609,-0.018410227828244988,-0.023794971745562256,0.0016978626772719066,0.0005681342482236725,0.0
1774462164.3406186,32.99957036972046,-0.018410227828244988,-0.023794971745562256,0.0016978626772719066,0.0005681342482236725,0.0
1774462164.452678,33.11162972450256,-0.018410227828244988,-0.023794971745562256,0.0016978626772719066,0.0005681342482236725,0.0
1774462164.5529108,33.211862564086914,-0.018410227828244988,-0.023794971745562256,0.0016978626772719066,0.0005681342482236725,0.0
1774462164.6538801,33.31283187866211,-0.018410227828244988,-0.023794971745562256,0.0016978626772719066,0.0005681342482236725,0.0
1774462164.7543337,33.41328549385071,-0.018410227828244988,-0.023794971745562256,0.0016978626772719066,0.0005681342482236725,0.0
1774462164.8555264,33.51447820663452,-0.018410227828244988,-0.023794971745562256,0.0016978626772719066,0.0005681342482236725,0.0
1774462164.9558456,33.61479735374451,-0.018410227828244988,-0.023794971745562256,0.0016978626772719066,0.0005681342482236725,0.0
1774462165.060595,33.71954679489136,-0.018410227828244988,-0.023794971745562256,0.0016978626772719066,0.0005681342482236725,0.0
1774462165.160844,33.81979584693909,-0.018410227828244988,-0.023794971745562256,0.0016978626772719066,0.0005681342482236725,0.0
1774462165.2620058,33.92095756530762,-0.018410227828244988,-0.023794971745562256,0.0016978626772719066,0.0005681342482236725,0.0
1774462165.362541,34.02149271965027,-0.018410227828244988,-0.023794971745562256,0.0016978626772719066,0.0005681342482236725,0.0
1774462165.4634454,34.12239718437195,-0.018410227828244988,-0.023794971745562256,0.0016978626772719066,0.0005681342482236725,0.0
1774462165.5663288,34.22528052330017,-0.018410227828244988,-0.023794971745562256,0.0016978626772719066,0.0005681342482236725,0.0
1774462165.6669111,34.325862884521484,-0.018410227828244988,-0.023794971745562256,0.0016978626772719066,0.0005681342482236725,0.0
1774462165.7675388,34.42649054527283,-0.018410227828244988,-0.023794971745562256,0.0016978626772719066,0.0005681342482236725,0.0
1774462165.8684783,34.527430057525635,-0.018410227828244988,-0.023794971745562256,0.0016978626772719066,0.0005681342482236725,0.0
1774462165.9702883,34.62924003601074,-0.018410227828244988,-0.023794971745562256,0.0016978626772719066,0.0005681342482236725,0.0
1774462166.0778208,34.736772537231445,-0.018410227828244988,-0.023794971745562256,0.0016978626772719066,0.0005681342482236725,0.0
1774462166.1780589,34.837010622024536,-0.018410227828244988,-0.023794971745562256,0.0016978626772719066,0.0005681342482236725,0.0
1774462166.2786007,34.9375524520874,-0.018410227828244988,-0.023794971745562256,0.0016978626772719066,0.0005681342482236725,0.0
1774462166.378825,35.037776708602905,-0.018410227828244988,-0.023794971745562256,0.0016978626772719066,0.0005681342482236725,0.0
1774462166.4793234,35.138275146484375,-0.018410227828244988,-0.023794971745562256,0.0016978626772719066,0.0005681342482236725,0.0
1774462166.5795293,35.23848104476929,-0.018410227828244988,-0.023794971745562256,0.0016978626772719066,0.0005681342482236725,0.0
1774462166.6799915,35.33894324302673,-0.018410227828244988,-0.023794971745562256,0.0016978626772719066,0.0005681342482236725,0.0
1774462166.7802718,35.439223527908325,-0.018410227828244988,-0.023794971745562256,0.0016978626772719066,0.0005681342482236725,0.0
1774462166.8875191,35.54647088050842,-0.018410227828244988,-0.023794971745562256,0.0016978626772719066,0.0005681342482236725,0.0
1774462166.9894056,35.64835739135742,-0.018410227828244988,-0.023794971745562256,0.0016978626772719066,0.0005681342482236725,0.0
1774462167.089906,35.748857736587524,-0.018410227828244988,-0.023794971745562256,0.0016978626772719066,0.0005681342482236725,0.0
1774462167.1902761,35.84922790527344,-0.018410227828244988,-0.023794971745562256,0.0016978626772719066,0.0005681342482236725,0.0
1774462167.2980464,35.956998109817505,-0.018410227828244988,-0.023794971745562256,0.0016978626772719066,0.0005681342482236725,0.0
1774462167.3983254,36.0572772026062,-0.018410227828244988,-0.023794971745562256,0.0016978626772719066,0.0005681342482236725,0.0
1774462167.498858,36.15780973434448,-0.018410227828244988,-0.023794971745562256,0.0016978626772719066,0.0005681342482236725,0.0
1774462167.5993578,36.25830960273743,-0.018410227828244988,-0.023794971745562256,0.0016978626772719066,0.0005681342482236725,0.0
1774462167.6999485,36.35890030860901,-0.018410227828244988,-0.023794971745562256,0.0016978626772719066,0.0005681342482236725,0.0
1774462167.8003638,36.45931553840637,-0.018410227828244988,-0.023794971745562256,0.0016978626772719066,0.0005681342482236725,0.0
1774462167.9008262,36.5597779750824,-0.018410227828244988,-0.023794971745562256,0.0016978626772719066,0.0005681342482236725,0.0
1774462168.0010924,36.66004419326782,-0.018410227828244988,-0.023794971745562256,0.0016978626772719066,0.0005681342482236725,0.0
1774462168.101831,36.76078271865845,-0.018410227828244988,-0.023794971745562256,0.0016978626772719066,0.0005681342482236725,0.0
1774462168.2023237,36.86127543449402,-0.018410227828244988,-0.023794971745562256,0.0016978626772719066,0.0005681342482236725,0.0
1774462168.3027592,36.961710929870605,-0.018410227828244988,-0.023794971745562256,0.0016978626772719066,0.0005681342482236725,0.0
1774462168.4044166,37.06336832046509,-0.018410227828244988,-0.023794971745562256,0.0016978626772719066,0.0005681342482236725,0.0
1774462168.5055637,37.16451549530029,-0.018410227828244988,-0.023794971745562256,0.0016978626772719066,0.0005681342482236725,0.0
1774462168.6072814,37.26623320579529,-0.018410227828244988,-0.023794971745562256,0.0016978626772719066,0.0005681342482236725,0.0
1774462168.707781,37.36673283576965,-0.018410227828244988,-0.023794971745562256,0.0016978626772719066,0.0005681342482236725,0.0
1774462168.8080242,37.466975927352905,-0.018410227828244988,-0.023794971745562256,0.0016978626772719066,0.0005681342482236725,0.0
1774462168.9085336,37.567485332489014,-0.018410227828244988,-0.023794971745562256,0.0016978626772719066,0.0005681342482236725,0.0
1774462169.0105312,37.669482946395874,-0.018410227828244988,-0.023794971745562256,0.0016978626772719066,0.0005681342482236725,0.0
1774462169.1145477,37.773499488830566,-0.018410227828244988,-0.023794971745562256,0.0016978626772719066,0.0005681342482236725,0.0
1774462169.2147968,37.873748540878296,-0.018410227828244988,-0.023794971745562256,0.0016978626772719066,0.0005681342482236725,0.0
1774462169.3159063,37.974858045578,-0.018410227828244988,-0.023794971745562256,0.0016978626772719066,0.0005681342482236725,0.0
1774462169.4189734,38.07792520523071,-0.018410227828244988,-0.023794971745562256,0.0016978626772719066,0.0005681342482236725,0.0
1774462169.519895,38.17884683609009,-0.018410227828244988,-0.023794971745562256,0.0016978626772719066,0.0005681342482236725,0.0
1774462169.6272967,38.286248445510864,-0.018410227828244988,-0.023794971745562256,0.0016978626772719066,0.0005681342482236725,0.0
1774462169.7278156,38.38676738739014,-0.018410227828244988,-0.023794971745562256,0.0016978626772719066,0.0005681342482236725,0.0
1774462169.8281631,38.487114906311035,-0.018410227828244988,-0.023794971745562256,0.0016978626772719066,0.0005681342482236725,0.0
1774462169.9285522,38.5875039100647,-0.018410227828244988,-0.023794971745562256,0.0016978626772719066,0.0005681342482236725,0.0
1774462170.0288835,38.68783521652222,-0.018410227828244988,-0.023794971745562256,0.0016978626772719066,0.0005681342482236725,0.0
1774462170.1315372,38.790488958358765,-0.018410227828244988,-0.023794971745562256,0.0016978626772719066,0.0005681342482236725,0.0
1774462170.231841,38.89079284667969,-0.018410227828244988,-0.023794971745562256,0.0016978626772719066,0.0005681342482236725,0.0
1774462170.3333302,38.992281913757324,-0.018410227828244988,-0.023794971745562256,0.0016978626772719066,0.0005681342482236725,0.0
1774462170.4337842,39.09273600578308,-0.018410227828244988,-0.023794971745562256,0.0016978626772719066,0.0005681342482236725,0.0
1774462170.53588,39.19483184814453,-0.018410227828244988,-0.023794971745562256,0.0016978626772719066,0.0005681342482236725,0.0
1774462170.6361337,39.295085430145264,-0.018410227828244988,-0.023794971745562256,0.0016978626772719066,0.0005681342482236725,0.0
1774462170.7366054,39.395557165145874,-0.018410227828244988,-0.023794971745562256,0.0016978626772719066,0.0005681342482236725,0.0
1774462170.8369744,39.49592614173889,-0.018410227828244988,-0.023794971745562256,0.0016978626772719066,0.0005681342482236725,0.0
1774462170.9379244,39.59687614440918,-0.018410227828244988,-0.023794971745562256,0.0016978626772719066,0.0005681342482236725,0.0
1774462171.0382068,39.69715857505798,-0.018410227828244988,-0.023794971745562256,0.0016978626772719066,0.0005681342482236725,0.0
1774462171.1393201,39.798271894454956,-0.018410227828244988,-0.023794971745562256,0.0016978626772719066,0.0005681342482236725,0.0
1774462171.2428508,39.90180253982544,-0.018410227828244988,-0.023794971745562256,0.0016978626772719066,0.0005681342482236725,0.0
1774462171.3438025,40.00275421142578,-0.018410227828244988,-0.023794971745562256,0.0016978626772719066,0.0005681342482236725,0.0
1774462171.449855,40.108806848526,-0.018410227828244988,-0.023794971745562256,0.0016978626772719066,0.0005681342482236725,0.0
1774462171.5504441,40.20939588546753,-0.018410227828244988,-0.023794971745562256,0.0016978626772719066,0.0005681342482236725,0.0
1774462171.6548777,40.31382942199707,-0.018410227828244988,-0.023794971745562256,0.0016978626772719066,0.0005681342482236725,0.0
1774462171.75538,40.414331674575806,-0.018410227828244988,-0.023794971745562256,0.0016978626772719066,0.0005681342482236725,0.0
1774462171.8556068,40.51455855369568,-0.018410227828244988,-0.023794971745562256,0.0016978626772719066,0.0005681342482236725,0.0
1774462171.956071,40.61502265930176,-0.018410227828244988,-0.023794971745562256,0.0016978626772719066,0.0005681342482236725,0.0
1774462172.0564065,40.7153582572937,-0.018410227828244988,-0.023794971745562256,0.0016978626772719066,0.0005681342482236725,0.0
1774462172.1569188,40.81587052345276,-0.018410227828244988,-0.023794971745562256,0.0016978626772719066,0.0005681342482236725,0.0
1774462172.2575986,40.916550397872925,-0.018410227828244988,-0.023794971745562256,0.0016978626772719066,0.0005681342482236725,0.0
1774462172.3601522,41.01910400390625,-0.018410227828244988,-0.023794971745562256,0.0016978626772719066,0.0005681342482236725,0.0
1774462172.4603107,41.11926245689392,-0.018410227828244988,-0.023794971745562256,0.0016978626772719066,0.0005681342482236725,0.0
1774462172.5607865,41.219738245010376,-0.018410227828244988,-0.023794971745562256,0.0016978626772719066,0.0005681342482236725,0.0
1774462172.6610076,41.31995940208435,-0.018410227828244988,-0.023794971745562256,0.0016978626772719066,0.0005681342482236725,0.0
1774462172.7615101,41.420461893081665,-0.018410227828244988,-0.023794971745562256,0.0016978626772719066,0.0005681342482236725,0.0
1774462172.8622074,41.521159172058105,-0.018410227828244988,-0.023794971745562256,0.0016978626772719066,0.0005681342482236725,0.0
1774462172.9653306,41.624282360076904,-0.018410227828244988,-0.023794971745562256,0.0016978626772719066,0.0005681342482236725,0.0
1774462173.0669854,41.72593712806702,-0.018410227828244988,-0.023794971745562256,0.0016978626772719066,0.0005681342482236725,0.0
1774462173.167473,41.82642483711243,-0.018410227828244988,-0.023794971745562256,0.0016978626772719066,0.0005681342482236725,0.0
1774462173.2678306,41.92678236961365,-0.018410227828244988,-0.023794971745562256,0.0016978626772719066,0.0005681342482236725,0.0
1774462173.3706443,42.02959609031677,-0.018410227828244988,-0.023794971745562256,0.0016978626772719066,0.0005681342482236725,0.0
1774462173.4708965,42.12984824180603,-0.018410227828244988,-0.023794971745562256,0.0016978626772719066,0.0005681342482236725,0.0
1774462173.5730646,42.23201632499695,-0.018410227828244988,-0.023794971745562256,0.0016978626772719066,0.0005681342482236725,0.0
1774462173.6733031,42.3322548866272,-0.018410227828244988,-0.023794971745562256,0.0016978626772719066,0.0005681342482236725,0.0
1774462173.7737367,42.43268847465515,-0.018410227828244988,-0.023794971745562256,0.0016978626772719066,0.0005681342482236725,0.0
1774462173.87436,42.53331184387207,-0.018410227828244988,-0.023794971745562256,0.0016978626772719066,0.0005681342482236725,0.0
1774462173.974888,42.63383984565735,-0.018410227828244988,-0.023794971745562256,0.0016978626772719066,0.0005681342482236725,0.0
1774462174.0778215,42.73677325248718,-0.018410227828244988,-0.023794971745562256,0.0016978626772719066,0.0005681342482236725,0.0
1774462174.178311,42.837262868881226,-0.018410227828244988,-0.023794971745562256,0.0016978626772719066,0.0005681342482236725,0.0
1774462174.2803156,42.93926739692688,-0.018410227828244988,-0.023794971745562256,0.0016978626772719066,0.0005681342482236725,0.0
1774462174.3820605,43.04101228713989,-0.018410227828244988,-0.023794971745562256,0.0016978626772719066,0.0005681342482236725,0.0
1774462174.4827087,43.14166045188904,-0.018410227828244988,-0.023794971745562256,0.0016978626772719066,0.0005681342482236725,0.0
1774462174.5837922,43.24274396896362,-0.018410227828244988,-0.023794971745562256,0.0016978626772719066,0.0005681342482236725,0.0
1774462174.6840868,43.34303855895996,-0.018410227828244988,-0.023794971745562256,0.0016978626772719066,0.0005681342482236725,0.0
1774462174.7849941,43.44394588470459,-0.018410227828244988,-0.023794971745562256,0.0016978626772719066,0.0005681342482236725,0.0
1774462174.8873844,43.54633617401123,-0.018410227828244988,-0.023794971745562256,0.0016978626772719066,0.0005681342482236725,0.0
1774462174.989473,43.64842486381531,-0.018410227828244988,-0.023794971745562256,0.0016978626772719066,0.0005681342482236725,0.0
1774462175.0897508,43.74870252609253,-0.018410227828244988,-0.023794971745562256,0.0016978626772719066,0.0005681342482236725,0.0
1774462175.1912484,43.850200176239014,-0.018410227828244988,-0.023794971745562256,0.0016978626772719066,0.0005681342482236725,0.0
1774462175.29442,43.95337176322937,-0.018410227828244988,-0.023794971745562256,0.0016978626772719066,0.0005681342482236725,0.0
1774462175.396625,44.05557680130005,-0.018410227828244988,-0.023794971745562256,0.0016978626772719066,0.0005681342482236725,0.0
1774462175.4968638,44.15581560134888,-0.018410227828244988,-0.023794971745562256,0.0016978626772719066,0.0005681342482236725,0.0
1774462175.597313,44.25626468658447,-0.018410227828244988,-0.023794971745562256,0.0016978626772719066,0.0005681342482236725,0.0
1774462175.6976116,44.356563329696655,-0.018410227828244988,-0.023794971745562256,0.0016978626772719066,0.0005681342482236725,0.0
1774462175.7980468,44.45699858665466,-0.018410227828244988,-0.023794971745562256,0.0016978626772719066,0.0005681342482236725,0.0
1774462175.8982444,44.55719614028931,-0.018410227828244988,-0.023794971745562256,0.0016978626772719066,0.0005681342482236725,0.0
1774462176.0005908,44.65954256057739,-0.018410227828244988,-0.023794971745562256,0.0016978626772719066,0.0005681342482236725,0.0
1774462176.1049592,44.76391100883484,-0.018410227828244988,-0.023794971745562256,0.0016978626772719066,0.0005681342482236725,0.0
1774462176.2054782,44.86442995071411,-0.018410227828244988,-0.023794971745562256,0.0016978626772719066,0.0005681342482236725,0.0
1774462176.30571,44.964661836624146,-0.018410227828244988,-0.023794971745562256,0.0016978626772719066,0.0005681342482236725,0.0
1774462176.4065845,45.06553626060486,-0.018410227828244988,-0.023794971745562256,0.0016978626772719066,0.0005681342482236725,0.0
1774462176.5069265,45.16587829589844,-0.018410227828244988,-0.023794971745562256,0.0016978626772719066,0.0005681342482236725,0.0
1774462176.6074457,45.26639747619629,-0.018410227828244988,-0.023794971745562256,0.0016978626772719066,0.0005681342482236725,0.0
1774462176.7078428,45.36679458618164,-0.018410227828244988,-0.023794971745562256,0.0016978626772719066,0.0005681342482236725,0.0
1774462176.8082976,45.467249393463135,-0.018410227828244988,-0.023794971745562256,0.0016978626772719066,0.0005681342482236725,0.0
1774462176.9087884,45.56774020195007,-0.018410227828244988,-0.023794971745562256,0.0016978626772719066,0.0005681342482236725,0.0
1774462177.0105643,45.66951608657837,-0.018410227828244988,-0.023794971745562256,0.0016978626772719066,0.0005681342482236725,0.0
1774462177.114353,45.77330470085144,-0.018410227828244988,-0.023794971745562256,0.0016978626772719066,0.0005681342482236725,0.0
1774462177.214817,45.87376880645752,-0.018410227828244988,-0.023794971745562256,0.0016978626772719066,0.0005681342482236725,0.0
1774462177.3163092,45.975260972976685,-0.018410227828244988,-0.023794971745562256,0.0016978626772719066,0.0005681342482236725,0.0
1774462177.4169056,46.075857400894165,-0.018410227828244988,-0.023794971745562256,0.0016978626772719066,0.0005681342482236725,0.0
1774462177.5171323,46.17608404159546,-0.018410227828244988,-0.023794971745562256,0.0016978626772719066,0.0005681342482236725,0.0
1774462177.6205533,46.279505014419556,-0.018410227828244988,-0.023794971745562256,0.0016978626772719066,0.0005681342482236725,0.0
1774462177.7207975,46.3797492980957,-0.018410227828244988,-0.023794971745562256,0.0016978626772719066,0.0005681342482236725,0.0
1774462177.8217704,46.480722188949585,-0.018410227828244988,-0.023794971745562256,0.0016978626772719066,0.0005681342482236725,0.0
1774462177.9243574,46.583309173583984,-0.018410227828244988,-0.023794971745562256,0.0016978626772719066,0.0005681342482236725,0.0
1774462178.027534,46.6864857673645,-0.018410227828244988,-0.023794971745562256,0.0016978626772719066,0.0005681342482236725,0.0
1774462178.1277707,46.78672242164612,-0.018410227828244988,-0.023794971745562256,0.0016978626772719066,0.0005681342482236725,0.0
1774462178.2282512,46.887202978134155,-0.018410227828244988,-0.023794971745562256,0.0016978626772719066,0.0005681342482236725,0.0
1774462178.3302963,46.98924803733826,-0.018410227828244988,-0.023794971745562256,0.0016978626772719066,0.0005681342482236725,0.0
1774462178.4328308,47.091782569885254,-0.018410227828244988,-0.023794971745562256,0.0016978626772719066,0.0005681342482236725,0.0
1774462178.5332012,47.192152976989746,-0.018410227828244988,-0.023794971745562256,0.0016978626772719066,0.0005681342482236725,0.0
1774462178.634272,47.29322385787964,-0.018410227828244988,-0.023794971745562256,0.0016978626772719066,0.0005681342482236725,0.0
1774462178.7572994,47.41625118255615,-0.018410227828244988,-0.023794971745562256,0.0016978626772719066,0.0005681342482236725,0.0
1774462178.857798,47.5167498588562,-0.018410227828244988,-0.023794971745562256,0.0016978626772719066,0.0005681342482236725,0.0
1774462178.9580462,47.616997957229614,-0.018410227828244988,-0.023794971745562256,0.0016978626772719066,0.0005681342482236725,0.0
1774462179.0585213,47.71747303009033,-0.018410227828244988,-0.023794971745562256,0.0016978626772719066,0.0005681342482236725,0.0
1774462179.1587813,47.8177330493927,-0.018410227828244988,-0.023794971745562256,0.0016978626772719066,0.0005681342482236725,0.0
1774462179.2592607,47.91821241378784,-0.018410227828244988,-0.023794971745562256,0.0016978626772719066,0.0005681342482236725,0.0
1774462179.359532,48.01848387718201,-0.018410227828244988,-0.023794971745562256,0.0016978626772719066,0.0005681342482236725,0.0
1774462179.4600015,48.118953227996826,-0.018410227828244988,-0.023794971745562256,0.0016978626772719066,0.0005681342482236725,0.0
1774462179.5602386,48.2191903591156,-0.018410227828244988,-0.023794971745562256,0.0016978626772719066,0.0005681342482236725,0.0
1774462179.6607175,48.319669246673584,-0.018410227828244988,-0.023794971745562256,0.0016978626772719066,0.0005681342482236725,0.0
1774462179.7633195,48.42227125167847,-0.018410227828244988,-0.023794971745562256,0.0016978626772719066,0.0005681342482236725,0.0
1774462179.864241,48.52319264411926,-0.018410227828244988,-0.023794971745562256,0.0016978626772719066,0.0005681342482236725,0.0
1774462179.9654102,48.624361991882324,-0.018410227828244988,-0.023794971745562256,0.0016978626772719066,0.0005681342482236725,0.0
1774462180.0659344,48.72488617897034,-0.018410227828244988,-0.023794971745562256,0.0016978626772719066,0.0005681342482236725,0.0
1774462180.1661634,48.82511520385742,-0.018410227828244988,-0.023794971745562256,0.0016978626772719066,0.0005681342482236725,0.0
1774462180.2669582,48.925909996032715,-0.018410227828244988,-0.023794971745562256,0.0016978626772719066,0.0005681342482236725,0.0
1774462180.3672543,49.02620601654053,-0.018410227828244988,-0.023794971745562256,0.0016978626772719066,0.0005681342482236725,0.0
1774462180.4677513,49.12670302391052,-0.018410227828244988,-0.023794971745562256,0.0016978626772719066,0.0005681342482236725,0.0
1774462180.5681086,49.227060317993164,-0.018410227828244988,-0.023794971745562256,0.0016978626772719066,0.0005681342482236725,0.0
1774462180.668689,49.327640771865845,-0.018410227828244988,-0.023794971745562256,0.0016978626772719066,0.0005681342482236725,0.0
1774462180.7689292,49.42788100242615,-0.018410227828244988,-0.023794971745562256,0.0016978626772719066,0.0005681342482236725,0.0
1774462180.869343,49.528294801712036,-0.018410227828244988,-0.023794971745562256,0.0016978626772719066,0.0005681342482236725,0.0
1774462180.9696627,49.62861442565918,-0.018410227828244988,-0.023794971745562256,0.0016978626772719066,0.0005681342482236725,0.0
1774462181.070142,49.72909379005432,-0.018410227828244988,-0.023794971745562256,0.0016978626772719066,0.0005681342482236725,0.0
1774462181.170332,49.829283714294434,-0.018410227828244988,-0.023794971745562256,0.0016978626772719066,0.0005681342482236725,0.0
1774462181.2718344,49.9307861328125,-0.018410227828244988,-0.023794971745562256,0.0016978626772719066,0.0005681342482236725,0.0
1774462181.3734999,50.03245162963867,-0.018410227828244988,-0.023794971745562256,0.0016978626772719066,0.0005681342482236725,0.0
1774462181.474511,50.13346266746521,-0.018410227828244988,-0.023794971745562256,0.0016978626772719066,0.0005681342482236725,0.0
1774462181.5748563,50.2338080406189,-0.018410227828244988,-0.023794971745562256,0.0016978626772719066,0.0005681342482236725,0.0
1774462181.6766963,50.33564805984497,-0.018410227828244988,-0.023794971745562256,0.0016978626772719066,0.0005681342482236725,0.0
1774462181.7770636,50.436015367507935,-0.018410227828244988,-0.023794971745562256,0.0016978626772719066,0.0005681342482236725,0.0
1774462181.8851547,50.54410648345947,-0.018410227828244988,-0.023794971745562256,0.0016978626772719066,0.0005681342482236725,0.0
1774462181.9854856,50.644437313079834,-0.018410227828244988,-0.023794971745562256,0.0016978626772719066,0.0005681342482236725,0.0
1774462182.086108,50.74505972862244,-0.018410227828244988,-0.023794971745562256,0.0016978626772719066,0.0005681342482236725,0.0
1774462182.190137,50.84908866882324,-0.018410227828244988,-0.023794971745562256,0.0016978626772719066,0.0005681342482236725,0.0
1774462182.2905817,50.949533462524414,-0.018410227828244988,-0.023794971745562256,0.0016978626772719066,0.0005681342482236725,0.0
1774462182.3909392,51.049890995025635,-0.018410227828244988,-0.023794971745562256,0.0016978626772719066,0.0005681342482236725,0.0
1774462182.4966195,51.1555712223053,-0.018410227828244988,-0.023794971745562256,0.0016978626772719066,0.0005681342482236725,0.0
1774462182.596941,51.255892753601074,-0.018410227828244988,-0.023794971745562256,0.0016978626772719066,0.0005681342482236725,0.0
1774462182.6981235,51.357075214385986,-0.018410227828244988,-0.023794971745562256,0.0016978626772719066,0.0005681342482236725,0.0
1774462182.7983043,51.45725607872009,-0.018410227828244988,-0.023794971745562256,0.0016978626772719066,0.0005681342482236725,0.0
1774462182.8987207,51.55767250061035,-0.018410227828244988,-0.023794971745562256,0.0016978626772719066,0.0005681342482236725,0.0
1774462182.9995859,51.65853762626648,-0.018410227828244988,-0.023794971745562256,0.0016978626772719066,0.0005681342482236725,0.0
1774462183.1018186,51.760770320892334,-0.018410227828244988,-0.023794971745562256,0.0016978626772719066,0.0005681342482236725,0.0
1774462183.2022123,51.86116409301758,-0.018410227828244988,-0.023794971745562256,0.0016978626772719066,0.0005681342482236725,0.0
1774462183.3047333,51.963685035705566,-0.018410227828244988,-0.023794971745562256,0.0016978626772719066,0.0005681342482236725,0.0
1774462183.42237,52.081321716308594,-0.018410227828244988,-0.023794971745562256,0.0016978626772719066,0.0005681342482236725,0.0
1774462183.5227075,52.18165922164917,-0.018410227828244988,-0.023794971745562256,0.0016978626772719066,0.0005681342482236725,0.0
1774462183.6230464,52.28199815750122,-0.018410227828244988,-0.023794971745562256,0.0016978626772719066,0.0005681342482236725,0.0
1774462183.7233782,52.3823299407959,-0.018410227828244988,-0.023794971745562256,0.0016978626772719066,0.0005681342482236725,0.0
1774462183.824158,52.48310971260071,-0.018410227828244988,-0.023794971745562256,0.0016978626772719066,0.0005681342482236725,0.0
1774462183.927919,52.5868706703186,-0.018410227828244988,-0.023794971745562256,0.0016978626772719066,0.0005681342482236725,0.0
1774462184.0291615,52.68811321258545,-0.018410227828244988,-0.023794971745562256,0.0016978626772719066,0.0005681342482236725,0.0
1774462184.133403,52.79235482215881,-0.018410227828244988,-0.023794971745562256,0.0016978626772719066,0.0005681342482236725,0.0
1774462184.2354066,52.89435839653015,-0.018410227828244988,-0.023794971745562256,0.0016978626772719066,0.0005681342482236725,0.0
1774462184.3359096,52.994861364364624,-0.018410227828244988,-0.023794971745562256,0.0016978626772719066,0.0005681342482236725,0.0
1774462184.4362607,53.09521245956421,-0.018410227828244988,-0.023794971745562256,0.0016978626772719066,0.0005681342482236725,0.0
1774462184.5365767,53.195528507232666,-0.018410227828244988,-0.023794971745562256,0.0016978626772719066,0.0005681342482236725,0.0
1774462184.6369252,53.29587697982788,-0.018410227828244988,-0.023794971745562256,0.0016978626772719066,0.0005681342482236725,0.0
1774462184.7375216,53.39647340774536,-0.018410227828244988,-0.023794971745562256,0.0016978626772719066,0.0005681342482236725,0.0
1774462184.8394203,53.498372077941895,-0.018410227828244988,-0.023794971745562256,0.0016978626772719066,0.0005681342482236725,0.0
1774462184.9401112,53.5990629196167,-0.018410227828244988,-0.023794971745562256,0.0016978626772719066,0.0005681342482236725,0.0
1774462185.0403955,53.699347257614136,-0.018410227828244988,-0.023794971745562256,0.0016978626772719066,0.0005681342482236725,0.0
1774462185.1407077,53.79965949058533,-0.018410227828244988,-0.023794971745562256,0.0016978626772719066,0.0005681342482236725,0.0
1774462185.2411687,53.90012049674988,-0.018410227828244988,-0.023794971745562256,0.0016978626772719066,0.0005681342482236725,0.0
1774462185.3421054,54.001057147979736,-0.018410227828244988,-0.023794971745562256,0.0016978626772719066,0.0005681342482236725,0.0
1774462185.443425,54.10237669944763,-0.018410227828244988,-0.023794971745562256,0.0016978626772719066,0.0005681342482236725,0.0
1774462185.5439746,54.20292639732361,-0.018410227828244988,-0.023794971745562256,0.0016978626772719066,0.0005681342482236725,0.0
1774462185.6453388,54.304290533065796,-0.018410227828244988,-0.023794971745562256,0.0016978626772719066,0.0005681342482236725,0.0
1774462185.7457025,54.40465426445007,-0.018410227828244988,-0.023794971745562256,0.0016978626772719066,0.0005681342482236725,0.0
1774462185.846023,54.50497484207153,-0.018410227828244988,-0.023794971745562256,0.0016978626772719066,0.0005681342482236725,0.0
1774462185.9464114,54.60536313056946,-0.018410227828244988,-0.023794971745562256,0.0016978626772719066,0.0005681342482236725,0.0
1774462186.0505154,54.70946717262268,-0.018410227828244988,-0.023794971745562256,0.0016978626772719066,0.0005681342482236725,0.0
1774462186.152791,54.81174278259277,-0.018410227828244988,-0.023794971745562256,0.0016978626772719066,0.0005681342482236725,0.0
1774462186.253134,54.91208577156067,-0.018410227828244988,-0.023794971745562256,0.0016978626772719066,0.0005681342482236725,0.0
1774462186.3534296,55.01238131523132,-0.018410227828244988,-0.023794971745562256,0.0016978626772719066,0.0005681342482236725,0.0
1774462186.4537687,55.11272048950195,-0.018410227828244988,-0.023794971745562256,0.0016978626772719066,0.0005681342482236725,0.0
1774462186.556918,55.215869665145874,-0.018410227828244988,-0.023794971745562256,0.0016978626772719066,0.0005681342482236725,0.0
1774462186.6572933,55.31624507904053,-0.018410227828244988,-0.023794971745562256,0.0016978626772719066,0.0005681342482236725,0.0
1774462186.757622,55.41657376289368,-0.018410227828244988,-0.023794971745562256,0.0016978626772719066,0.0005681342482236725,0.0
1774462186.8582983,55.517250061035156,-0.018410227828244988,-0.023794971745562256,0.0016978626772719066,0.0005681342482236725,0.0
1774462186.958717,55.617668867111206,-0.018410227828244988,-0.023794971745562256,0.0016978626772719066,0.0005681342482236725,0.0
1774462187.0614345,55.720386266708374,-0.018410227828244988,-0.023794971745562256,0.0016978626772719066,0.0005681342482236725,0.0
1774462187.1619508,55.820902585983276,-0.018410227828244988,-0.023794971745562256,0.0016978626772719066,0.0005681342482236725,0.0
1774462187.2627623,55.921714067459106,-0.018410227828244988,-0.023794971745562256,0.0016978626772719066,0.0005681342482236725,0.0
1774462187.3658812,56.02483296394348,-0.018410227828244988,-0.023794971745562256,0.0016978626772719066,0.0005681342482236725,0.0
1774462187.4663165,56.12526822090149,-0.018410227828244988,-0.023794971745562256,0.0016978626772719066,0.0005681342482236725,0.0
1774462187.566888,56.22583985328674,-0.018410227828244988,-0.023794971745562256,0.0016978626772719066,0.0005681342482236725,0.0
1774462187.667277,56.326228857040405,-0.018410227828244988,-0.023794971745562256,0.0016978626772719066,0.0005681342482236725,0.0
1774462187.7678397,56.42679142951965,-0.018410227828244988,-0.023794971745562256,0.0016978626772719066,0.0005681342482236725,0.0
1774462187.869151,56.52810287475586,-0.018410227828244988,-0.023794971745562256,0.0016978626772719066,0.0005681342482236725,0.0
1774462187.9695532,56.62850499153137,-0.018410227828244988,-0.023794971745562256,0.0016978626772719066,0.0005681342482236725,0.0
1774462188.0707054,56.72965717315674,-0.018410227828244988,-0.023794971745562256,0.0016978626772719066,0.0005681342482236725,0.0
1774462188.1710374,56.829989194869995,-0.018410227828244988,-0.023794971745562256,0.0016978626772719066,0.0005681342482236725,0.0
1774462188.2714202,56.9303719997406,-0.018410227828244988,-0.023794971745562256,0.0016978626772719066,0.0005681342482236725,0.0
1774462188.3729894,57.031941175460815,-0.018410227828244988,-0.023794971745562256,0.0016978626772719066,0.0005681342482236725,0.0
1774462188.473321,57.132272720336914,-0.018410227828244988,-0.023794971745562256,0.0016978626772719066,0.0005681342482236725,0.0
1774462188.5736454,57.23259711265564,-0.018410227828244988,-0.023794971745562256,0.0016978626772719066,0.0005681342482236725,0.0
1774462188.6739762,57.332927942276,-0.018410227828244988,-0.023794971745562256,0.0016978626772719066,0.0005681342482236725,0.0
1774462188.77431,57.43326187133789,-0.018410227828244988,-0.023794971745562256,0.0016978626772719066,0.0005681342482236725,0.0
1774462188.874698,57.53364968299866,-0.018410227828244988,-0.023794971745562256,0.0016978626772719066,0.0005681342482236725,0.0
1774462188.975053,57.63400483131409,-0.018410227828244988,-0.023794971745562256,0.0016978626772719066,0.0005681342482236725,0.0
1774462189.0764308,57.73538255691528,-0.018410227828244988,-0.023794971745562256,0.0016978626772719066,0.0005681342482236725,0.0
1774462189.1794372,57.83838891983032,-0.018410227828244988,-0.023794971745562256,0.0016978626772719066,0.0005681342482236725,0.0
1774462189.2797804,57.9387321472168,-0.018410227828244988,-0.023794971745562256,0.0016978626772719066,0.0005681342482236725,0.0
1774462189.3801253,58.039077043533325,-0.018410227828244988,-0.023794971745562256,0.0016978626772719066,0.0005681342482236725,0.0
1774462189.4804049,58.13935661315918,-0.018410227828244988,-0.023794971745562256,0.0016978626772719066,0.0005681342482236725,0.0
1774462189.5821013,58.241053104400635,-0.018410227828244988,-0.023794971745562256,0.0016978626772719066,0.0005681342482236725,0.0
1774462189.682649,58.3416006565094,-0.018410227828244988,-0.023794971745562256,0.0016978626772719066,0.0005681342482236725,0.0
1774462189.783014,58.44196581840515,-0.018410227828244988,-0.023794971745562256,0.0016978626772719066,0.0005681342482236725,0.0
1774462189.8836653,58.542617082595825,-0.018410227828244988,-0.023794971745562256,0.0016978626772719066,0.0005681342482236725,0.0
1774462189.9844968,58.6434485912323,-0.018410227828244988,-0.023794971745562256,0.0016978626772719066,0.0005681342482236725,0.0
1774462190.085661,58.74461269378662,-0.018410227828244988,-0.023794971745562256,0.0016978626772719066,0.0005681342482236725,0.0
1774462190.1859972,58.8449490070343,-0.018410227828244988,-0.023794971745562256,0.0016978626772719066,0.0005681342482236725,0.0
1774462190.2889209,58.94787263870239,-0.018410227828244988,-0.023794971745562256,0.0016978626772719066,0.0005681342482236725,0.0
1774462190.3903272,59.04927897453308,-0.018410227828244988,-0.023794971745562256,0.0016978626772719066,0.0005681342482236725,0.0
1774462190.4906912,59.14964294433594,-0.018410227828244988,-0.023794971745562256,0.0016978626772719066,0.0005681342482236725,0.0
1774462190.5910594,59.25001120567322,-0.018410227828244988,-0.023794971745562256,0.0016978626772719066,0.0005681342482236725,0.0
1774462190.6914012,59.35035300254822,-0.018410227828244988,-0.023794971745562256,0.0016978626772719066,0.0005681342482236725,0.0
1774462190.7919734,59.45092511177063,-0.018410227828244988,-0.023794971745562256,0.0016978626772719066,0.0005681342482236725,0.0
1774462190.8984377,59.55738949775696,-0.018410227828244988,-0.023794971745562256,0.0016978626772719066,0.0005681342482236725,0.0
1774462190.9987638,59.65771555900574,-0.018410227828244988,-0.023794971745562256,0.0016978626772719066,0.0005681342482236725,0.0
1774462191.099091,59.75804281234741,-0.018410227828244988,-0.023794971745562256,0.0016978626772719066,0.0005681342482236725,0.0
1774462191.1998622,59.858814001083374,-0.018410227828244988,-0.023794971745562256,0.0016978626772719066,0.0005681342482236725,0.0
1774462191.300851,59.959802865982056,-0.018410227828244988,-0.023794971745562256,0.0016978626772719066,0.0005681342482236725,0.0
1774462191.4014251,60.0603768825531,-0.018410227828244988,-0.023794971745562256,0.0016978626772719066,0.0005681342482236725,0.0
1774462191.5018508,60.160802602767944,-0.018410227828244988,-0.023794971745562256,0.0016978626772719066,0.0005681342482236725,0.0
1774462191.602176,60.26112771034241,-0.018410227828244988,-0.023794971745562256,0.0016978626772719066,0.0005681342482236725,0.0
1774462191.7025352,60.36148691177368,-0.018410227828244988,-0.023794971745562256,0.0016978626772719066,0.0005681342482236725,0.0
1774462191.803104,60.462055683135986,-0.018410227828244988,-0.023794971745562256,0.0016978626772719066,0.0005681342482236725,0.0
1774462191.907411,60.5663628578186,-0.018410227828244988,-0.023794971745562256,0.0016978626772719066,0.0005681342482236725,0.0
1774462192.0077462,60.66669797897339,-0.018410227828244988,-0.023794971745562256,0.0016978626772719066,0.0005681342482236725,0.0
1774462192.1080866,60.767038345336914,-0.018410227828244988,-0.023794971745562256,0.0016978626772719066,0.0005681342482236725,0.0
1774462192.2089708,60.86792254447937,-0.018410227828244988,-0.023794971745562256,0.0016978626772719066,0.0005681342482236725,0.0
1774462192.3126214,60.97157311439514,-0.018410227828244988,-0.023794971745562256,0.0016978626772719066,0.0005681342482236725,0.0
1774462192.4129841,61.0719358921051,-0.018410227828244988,-0.023794971745562256,0.0016978626772719066,0.0005681342482236725,0.0
1774462192.5134408,61.17239260673523,-0.018410227828244988,-0.023794971745562256,0.0016978626772719066,0.0005681342482236725,0.0
1774462192.6139627,61.27291440963745,-0.018410227828244988,-0.023794971745562256,0.0016978626772719066,0.0005681342482236725,0.0
1774462192.7143052,61.37325692176819,-0.018410227828244988,-0.023794971745562256,0.0016978626772719066,0.0005681342482236725,0.0
